timestamp,url,status_code,up,timeout,ssl_expired,ssl_expiring_soon,error
2025-07-15T22:21:32.201254+00:00,https://www.icintracom.com.mx/nosotros,200,True,False,False,False,
2025-07-15T22:44:08.873009+00:00,https://www.icintracom.com.mx/nosotros,200,True,False,False,False,
2025-07-15T23:46:17.953054+00:00,https://www.icintracom.com.mx/nosotros,503,False,False,False,False,
2025-07-15T23:47:00.615305+00:00,https://www.icintracom.com.mx/nosotros,200,True,False,False,False,
2025-07-15T23:53:15.357129+00:00,https://www.icintracom.com.mx/nosotros,503,False,False,False,False,
2025-07-15T23:53:39.091800+00:00,https://www.icintracom.com.mx/nosotros,200,True,False,False,False,
2025-07-16T00:06:04.943696+00:00,https://www.icintracom.com.mx/nosotros,200,True,False,False,False,
2025-07-16T00:06:40.472117+00:00,https://www.icintracom.com.mx/nosotros,200,True,False,False,False,
2025-07-16T00:07:18.623757+00:00,https://www.icintracom.com.mx/nosotros,200,True,False,False,False,
2025-07-16T01:07:40.475025+00:00,https://www.icintracom.com.mx/nosotros,200,True,False,False,False,
2025-07-16T02:07:42.325237+00:00,https://www.icintracom.com.mx/nosotros,200,True,False,False,False,
2025-07-16T03:07:44.070333+00:00,https://www.icintracom.com.mx/nosotros,200,True,False,False,False,
2025-07-16T04:07:45.936505+00:00,https://www.icintracom.com.mx/nosotros,200,True,False,False,False,
2025-07-16T05:07:47.716900+00:00,https://www.icintracom.com.mx/nosotros,200,True,False,False,False,
2025-07-16T06:07:49.414286+00:00,https://www.icintracom.com.mx/nosotros,200,True,False,False,False,
2025-07-16T07:07:51.689906+00:00,https://www.icintracom.com.mx/nosotros,200,True,False,False,False,
