timestamp,url,status_code,up,timeout,ssl_expired,ssl_expiring_soon,error
2025-07-15T21:52:54.926701+00:00,https://example.com,200,True,False,False,False,
2025-07-15T22:21:31.551062+00:00,https://www.grupochantilly.com.mx,200,True,False,False,False,
2025-07-15T22:44:08.160642+00:00,https://www.grupochantilly.com.mx,200,True,False,False,False,
2025-07-15T23:46:15.416482+00:00,https://www.grupochantilly.com.mx,503,False,False,False,False,
2025-07-15T23:47:00.070415+00:00,https://www.grupochantilly.com.mx,200,True,False,False,False,
2025-07-15T23:53:09.211384+00:00,https://www.grupochantilly.com.mx,503,False,False,False,False,
2025-07-15T23:53:38.508843+00:00,https://www.grupochantilly.com.mx,200,True,False,False,False,
2025-07-16T00:04:59.238834+00:00,https://www.grupochantilly.com.mx,200,True,False,False,False,
2025-07-16T00:05:58.366218+00:00,https://www.grupochantilly.com.mx,200,True,False,False,False,
2025-07-16T00:06:34.296339+00:00,https://www.grupochantilly.com.mx,200,True,False,False,False,
2025-07-16T00:07:11.580585+00:00,https://www.grupochantilly.com.mx,200,True,False,False,False,
2025-07-16T01:07:39.807561+00:00,https://www.grupochantilly.com.mx,200,True,False,False,False,
2025-07-16T02:07:41.711553+00:00,https://www.grupochantilly.com.mx,200,True,False,False,False,
2025-07-16T03:07:43.413659+00:00,https://www.grupochantilly.com.mx,200,True,False,False,False,
2025-07-16T04:07:45.255398+00:00,https://www.grupochantilly.com.mx,200,True,False,False,False,
2025-07-16T05:07:47.037971+00:00,https://www.grupochantilly.com.mx,200,True,False,False,False,
2025-07-16T06:07:48.814287+00:00,https://www.grupochantilly.com.mx,200,True,False,False,False,
2025-07-16T07:07:51.092066+00:00,https://www.grupochantilly.com.mx,200,True,False,False,False,
